ID,NAME,EMAIL,PHONE,REGISTRATION
1,Alice Johnson,alice.johnson@email.com,07421 765298,LE14 NON
2,Ben Carter,ben.carter@email.com,07311 123456,MA16 DFX
3,Clara Evans,clara.evans@email.com,07555 654321,ND18 TFJ
4,David Smith,david.smith@email.com,07388 654812,GL16 ZKA
5,Ella Brown,ella.brown@email.com,07900 111222,BX67 XJW
6,Frank Green,frank.green@email.com,07888 333444,CV68 MJT
7,Grace Lee,grace.lee@email.com,07912 618290,BX18 KYL
8,Henry Adams,henry.adams@email.com,07777 555666,SR69 DTJ
9,Ivy Turner,ivy.turner@email.com,07666 777888,GL20 YPB
10,Jack White,jack.white@email.com,07123 482910,LE15 NQC
11,Kara Black,kara.black@email.com,07812 345678,LN66 POX
12,Liam Scott,liam.scott@email.com,07712 876543,DY67 ANK
13,Mia King,mia.king@email.com,07912 784389,SR17 ZVE
14,Noah Hall,noah.hall@email.com,07463 789123,CV68 TWB
15,Olivia Young,olivia.young@email.com,07654 459329,MA69 AZT
16,Paul Walker,paul.walker@email.com,07538 901001,ND19 FTU
17,Quinn Reed,quinn.reed@email.com,07632 333922,BX70 RSD
18,Ruby Fox,ruby.fox@email.com,07485 992210,LE71 GMI
19,Sam Wood,sam.wood@email.com,07480 763354,LN14 KVF
20,Tina Stone,tina.stone@email.com,07645 340090,GL65 JEK
21,Uma Patel,uma.patel@email.com,07333 222111,SR66 UZN
22,Victor Lane,victor.lane@email.com,07222 333444,MA66 PQN
23,Wendy Moss,wendy.moss@email.com,07111 444555,PO67 IQF
24,Xander Cole,xander.cole@email.com,07000 555666,DY68 EKB
25,Yara Grant,yara.grant@email.com,07999 888777,ND68 RFX
26,Zane Price,zane.price@email.com,07898 777666,CV69 HTA
27,Amy Bell,amy.bell@email.com,07777 666555,LE70 QIC
28,Brian Nash,brian.nash@email.com,07676 555444,BX67 UFD
29,Cathy Lowe,cathy.lowe@email.com,07575 444333,LN68 JAW
30,Derek Shaw,derek.shaw@email.com,07474 333222,PO69 TKL
31,Eva Hunt,eva.hunt@email.com,07373 222111,DY15 ANX
32,Finn Rose,finn.rose@email.com,07272 111000,ND16 UXN
33,Gina Pope,gina.pope@email.com,07171 000999,SR67 LOH
